,title,score,score ratio,id,url,created
0,"GME Megathread for March 30, 2021",22268,0.9,mgewny,https://www.reddit.com/r/wallstreetbets/comments/mgewny/gme_megathread_for_march_30_2021/,1617107414.0
1,GME is about to breakout and I think this is why,565,0.91,mgkwis,https://www.reddit.com/r/wallstreetbets/comments/mgkwis/gme_is_about_to_breakout_and_i_think_this_is_why/,1617124331.0
2,"GME Megathread for March 29, 2021",27918,0.87,mfoivk,https://www.reddit.com/r/wallstreetbets/comments/mfoivk/gme_megathread_for_march_29_2021/,1617021016.0
3,Apes that missed getting into GME early,12937,0.94,mfrucz,https://v.redd.it/q9q5pc1aizp61,1617031152.0
4,Possible $GME Catalyst Incoming TomorrowüöÄ,6792,0.94,mfo2qo,https://www.reddit.com/r/wallstreetbets/comments/mfo2qo/possible_gme_catalyst_incoming_tomorrow/,1617019514.0
5,"The $34,000,000 bet against GME! Someone bought 4500 ITM 250P",88,0.53,mgdvw9,https://www.reddit.com/r/wallstreetbets/comments/mgdvw9/the_34000000_bet_against_gme_someone_bought_4500/,1617104001.0
6,"ASO Earnings Tomorrow, YOLO minus GME obvs :D",63,0.89,mg9mn0,https://i.redd.it/cs0fshpa04q61.png,1617085656.0
7,"I was advised to post this here, did not know PLTR was a ‚Äúmeme stock‚Äù. I just like the stock, I guess I‚Äôll have to buy some GME now as well üíé‚úãüöÄ.",900,0.92,mfp1kh,https://i.redd.it/ybrpzr5htyp61.jpg,1617022801.0
8,The calm before the storm. GME to $250+ this week. Calling it now,5471,0.9,mfdqil,https://i.redd.it/trcr6vm23vp61.jpg,1616977601.0
9,GME YOLO - 3/26 - Still thinking whether to aim for 999 or 1k shares this week,3233,0.96,mfd6c8,https://i.redd.it/g1zrd2jdxup61.png,1616975685.0
